<?xml version="1.0" encoding="UTF-8"?>
<!DOCTYPE mapper PUBLIC "-//mybatis.org//DTD Mapper 3.0//EN" "http://mybatis.org/dtd/mybatis-3-mapper.dtd">
<mapper namespace="UserMapper">  
  <insert id="insertUser"> 
    INSERT INTO react.react_user
    (
      username
      , userorg
      , useremail
      , userpassword
      , usermajor
      , userphone
      , userflag
      , reg_date
      , reg_user
      , update_date
      , update_user
    )
    VALUES (
      #{is_Username}
      , #{is_Organization}
      , CONCAT(#{is_Useremail1}, '@', #{is_Useremail2})
      , #{is_Password}
      , #{is_Usermajor}
      , CONCAT(#{is_Userphone1}, '-', #{is_Userphone2},'-', #{is_Userphone3})
      , 'Y'
      , DATE_FORMAT(now(), '%Y%m%d%H%i%s')
      , CONCAT(#{is_Useremail1}, '@', #{is_Useremail2})
      , DATE_FORMAT(now(), '%Y%m%d%H%i%s')
      , CONCAT(#{is_Useremail1}, '@', #{is_Useremail2})
      )
  </insert>

  <select id="selectUserDpliCheck">
      SELECT 
        count(*) as num
      FROM
      react.react_user
      WHERE useremail = #{is_Email}
  </select>

  <select id="selectLoginCheck">
      SELECT 
      username
      , userorg
      , useremail
      , userpassword
      , usermajor
      , userphone
      , userflag
      FROM
      react.react_user
      WHERE useremail = #{is_Email}
  </select>

  <select id="selectSessionLoginCheck">
      SELECT 
      username
      , userorg
      , useremail
      , userpassword
      , usermajor
      , userphone
      , userflag
      FROM
      react.react_user
      WHERE useremail = #{is_Email}
      AND userpassword = #{is_Token}
  </select>

  <select id="selectLoginResetCheck">
      SELECT 
      userpassword
      FROM
      react.react_user
      WHERE useremail = #{is_Email}
      AND username = #{is_Name}
  </select>

  <select id="selectEmailTokenCheck">
      SELECT 
      username
      , userorg
      , useremail
      , userpassword
      , usermajor
      , userphone
      , userflag
      FROM
      react.react_user
      WHERE useremail = #{is_Email}
      AND userpassword like CONCAT('%', #{is_Token}, '%')
  </select>

  <update id="updatePwdUser">
      UPDATE react.react_user
      SET
      userpassword = #{is_Password}
		WHERE useremail = #{is_Useremail}
	</update>
</mapper>
